"","pid","X","Trial","TrialDuration","Block","Device","RH_cost","RH_travel_time","RH_Comfort","metro_cost","metro_travel_time","metro_Comfort","Bus_cost","Bus_travel_time","Bus_Comfort","Choice","type","experiment","Comfort_FT_time","Cost_FT_time","Travel_FT_time","Other_FT_time","Comfort_FT_count","Cost_FT_count","Travel_FT_count","Other_FT_count","Tot_time","Tot_counts"
"1",1,12,12,13.4664,2,"Laptop",25,30,9,1,70,6,1,60,4,"Bus_label","WL","laptop",25638,19491,22504,16018,114,83,104,77,83651,378
"2",1,10,10,7.4201,2,"Laptop",15,40,7,1,50,6,1,70,5,"Metro_label","WL","laptop",25638,19491,22504,16018,114,83,104,77,83651,378
"3",1,2,2,6.3052,2,"Laptop",20,20,7,3,70,6,3,60,3,"RH_label","WL","laptop",25638,19491,22504,16018,114,83,104,77,83651,378
"4",1,11,11,6.3832,2,"Laptop",25,20,7,2,70,5,2,80,5,"RH_label","WL","laptop",25638,19491,22504,16018,114,83,104,77,83651,378
"5",1,1,1,6.7769,2,"Laptop",15,20,8,3,70,4,3,60,4,"RH_label","WL","laptop",25638,19491,22504,16018,114,83,104,77,83651,378
"6",1,6,6,6.8997,2,"Laptop",20,30,9,2,50,5,2,60,3,"Metro_label","WL","laptop",25638,19491,22504,16018,114,83,104,77,83651,378
"7",1,3,3,7.5997,2,"Laptop",15,40,9,1,60,4,1,70,5,"Metro_label","WL","laptop",25638,19491,22504,16018,114,83,104,77,83651,378
"8",1,4,4,10.3021,2,"Laptop",25,30,8,2,70,4,2,80,4,"RH_label","WL","laptop",25638,19491,22504,16018,114,83,104,77,83651,378
"9",1,5,5,11.7829,2,"Laptop",25,20,9,2,60,4,2,70,4,"RH_label","WL","laptop",25638,19491,22504,16018,114,83,104,77,83651,378
"10",1,7,7,6.6327,2,"Laptop",25,40,8,3,60,6,3,70,3,"Metro_label","WL","laptop",25638,19491,22504,16018,114,83,104,77,83651,378
"11",1,8,8,11.5492,2,"Laptop",15,30,7,3,60,4,3,80,5,"RH_label","WL","laptop",25638,19491,22504,16018,114,83,104,77,83651,378
"12",1,9,9,8.9004,2,"Laptop",20,40,8,1,50,5,1,80,3,"RH_label","WL","laptop",25638,19491,22504,16018,114,83,104,77,83651,378
"13",3,26,2,5.566,1,"Laptop",20,40,7,3,50,5,3,60,4,"Metro_label","WL","laptop",15096,12516,14882,32215,65,53,71,118,74709,307
"14",3,25,1,5.8944,1,"Laptop",20,20,7,2,70,4,2,70,4,"Bus_label","WL","laptop",15096,12516,14882,32215,65,53,71,118,74709,307
"15",3,30,6,5.1669,1,"Laptop",20,20,9,3,70,4,3,70,5,"Bus_label","WL","laptop",15096,12516,14882,32215,65,53,71,118,74709,307
"16",3,27,3,5.6851,1,"Laptop",25,30,8,3,60,6,3,70,3,"Metro_label","WL","laptop",15096,12516,14882,32215,65,53,71,118,74709,307
"17",3,28,4,4.233,1,"Laptop",25,30,7,1,50,4,1,70,4,"Metro_label","WL","laptop",15096,12516,14882,32215,65,53,71,118,74709,307
"18",3,29,5,4.2546,1,"Laptop",25,30,9,2,60,5,2,60,5,"Metro_label","WL","laptop",15096,12516,14882,32215,65,53,71,118,74709,307
"19",3,34,10,3.8142,1,"Laptop",15,20,8,1,60,6,1,60,5,"Metro_label","WL","laptop",15096,12516,14882,32215,65,53,71,118,74709,307
"20",3,31,7,7.7939,1,"Laptop",15,20,9,1,70,5,1,80,3,"Metro_label","WL","laptop",15096,12516,14882,32215,65,53,71,118,74709,307
"21",3,32,8,4.838,1,"Laptop",15,40,8,3,70,5,3,80,4,"Metro_label","WL","laptop",15096,12516,14882,32215,65,53,71,118,74709,307
"22",3,33,9,7.1329,1,"Laptop",20,20,9,1,60,6,1,80,5,"Metro_label","WL","laptop",15096,12516,14882,32215,65,53,71,118,74709,307
"23",3,35,11,6.2171,1,"Laptop",15,40,8,2,50,4,2,60,3,"Metro_label","WL","laptop",15096,12516,14882,32215,65,53,71,118,74709,307
"24",3,36,12,11.7714,1,"Laptop",15,30,7,2,50,6,2,80,3,"Bus_label","WL","laptop",15096,12516,14882,32215,65,53,71,118,74709,307
"25",4,39,3,3.0624,4,"Laptop",20,30,8,2,60,5,2,60,5,"Metro_label","WL","laptop",6352,12536,10772,18645,30,49,38,62,48305,179
"26",4,37,1,4.3271,4,"Laptop",25,20,8,1,60,4,1,60,3,"Metro_label","WL","laptop",6352,12536,10772,18645,30,49,38,62,48305,179
"27",4,38,2,4.5995,4,"Laptop",20,40,8,2,70,4,2,70,5,"Metro_label","WL","laptop",6352,12536,10772,18645,30,49,38,62,48305,179
"28",4,42,6,2.9753,4,"Laptop",25,20,9,3,50,4,3,80,3,"Metro_label","WL","laptop",6352,12536,10772,18645,30,49,38,62,48305,179
"29",4,43,7,2.9042,4,"Laptop",15,20,9,2,50,6,2,80,4,"Metro_label","WL","laptop",6352,12536,10772,18645,30,49,38,62,48305,179
"30",4,40,4,2.8333,4,"Laptop",25,40,7,2,70,6,2,80,5,"Metro_label","WL","laptop",6352,12536,10772,18645,30,49,38,62,48305,179
"31",4,41,5,2.8667,4,"Laptop",20,40,7,3,60,6,3,60,4,"Metro_label","WL","laptop",6352,12536,10772,18645,30,49,38,62,48305,179
"32",4,46,10,3.4093,4,"Laptop",20,30,9,3,50,6,3,70,4,"Metro_label","WL","laptop",6352,12536,10772,18645,30,49,38,62,48305,179
"33",4,47,11,3.216,4,"Laptop",15,30,7,1,70,4,1,60,3,"Bus_label","WL","laptop",6352,12536,10772,18645,30,49,38,62,48305,179
"34",4,44,8,5.8832,4,"Laptop",20,20,8,1,50,5,1,70,4,"Metro_label","WL","laptop",6352,12536,10772,18645,30,49,38,62,48305,179
"35",4,45,9,2.8002,4,"Laptop",25,40,7,1,60,5,1,80,4,"Metro_label","WL","laptop",6352,12536,10772,18645,30,49,38,62,48305,179
"36",4,48,12,2.3892,4,"Laptop",15,30,9,3,70,5,3,70,5,"Metro_label","WL","laptop",6352,12536,10772,18645,30,49,38,62,48305,179
"37",5,52,4,6.7959,1,"Laptop",25,30,7,1,50,4,1,70,4,"Metro_label","WL","laptop",23821,19795,21022,25661,119,101,116,120,90299,456
"38",5,53,5,7.5663,1,"Laptop",25,30,9,2,60,5,2,60,5,"Metro_label","WL","laptop",23821,19795,21022,25661,119,101,116,120,90299,456
"39",5,49,1,9.4939,1,"Laptop",20,20,7,2,70,4,2,70,4,"Metro_label","WL","laptop",23821,19795,21022,25661,119,101,116,120,90299,456
"40",5,50,2,8.0997,1,"Laptop",20,40,7,3,50,5,3,60,4,"Metro_label","WL","laptop",23821,19795,21022,25661,119,101,116,120,90299,456
"41",5,51,3,17.214,1,"Laptop",25,30,8,3,60,6,3,70,3,"Metro_label","WL","laptop",23821,19795,21022,25661,119,101,116,120,90299,456
"42",5,57,9,4.599,1,"Laptop",20,20,9,1,60,6,1,80,5,"Metro_label","WL","laptop",23821,19795,21022,25661,119,101,116,120,90299,456
"43",5,54,6,5.2498,1,"Laptop",20,20,9,3,70,4,3,70,5,"RH_label","WL","laptop",23821,19795,21022,25661,119,101,116,120,90299,456
"44",5,55,7,6.3937,1,"Laptop",15,20,9,1,70,5,1,80,3,"RH_label","WL","laptop",23821,19795,21022,25661,119,101,116,120,90299,456
"45",5,56,8,7.0328,1,"Laptop",15,40,8,3,70,5,3,80,4,"Metro_label","WL","laptop",23821,19795,21022,25661,119,101,116,120,90299,456
"46",5,58,10,6.4831,1,"Laptop",15,20,8,1,60,6,1,60,5,"Metro_label","WL","laptop",23821,19795,21022,25661,119,101,116,120,90299,456
"47",5,59,11,6.7501,1,"Laptop",15,40,8,2,50,4,2,60,3,"Metro_label","WL","laptop",23821,19795,21022,25661,119,101,116,120,90299,456
"48",5,60,12,5.7866,1,"Laptop",15,30,7,2,50,6,2,80,3,"Metro_label","WL","laptop",23821,19795,21022,25661,119,101,116,120,90299,456
"49",6,66,6,2.4998,3,"Laptop",15,20,7,2,60,5,2,70,3,"Metro_label","WL","laptop",10758,17693,11440,9076,41,82,45,43,48967,211
"50",6,61,1,6.4598,3,"Laptop",25,40,9,1,50,4,1,60,5,"Metro_label","WL","laptop",10758,17693,11440,9076,41,82,45,43,48967,211
"51",6,62,2,3.9187,3,"Laptop",20,30,8,1,70,6,1,80,5,"Metro_label","WL","laptop",10758,17693,11440,9076,41,82,45,43,48967,211
"52",6,63,3,2.7665,3,"Laptop",15,30,8,3,50,4,3,80,5,"RH_label","WL","laptop",10758,17693,11440,9076,41,82,45,43,48967,211
"53",6,64,4,6.5525,3,"Laptop",15,30,8,1,60,5,1,70,4,"Metro_label","WL","laptop",10758,17693,11440,9076,41,82,45,43,48967,211
"54",6,65,5,4.9514,3,"Laptop",25,20,7,3,50,5,3,60,5,"RH_label","WL","laptop",10758,17693,11440,9076,41,82,45,43,48967,211
"55",6,70,10,3.9681,3,"Laptop",25,40,9,3,70,5,3,70,3,"Metro_label","WL","laptop",10758,17693,11440,9076,41,82,45,43,48967,211
"56",6,67,7,5.1498,3,"Laptop",20,30,7,3,60,4,3,80,4,"RH_label","WL","laptop",10758,17693,11440,9076,41,82,45,43,48967,211
"57",6,68,8,5.1796,3,"Laptop",20,40,9,2,60,4,2,80,3,"Metro_label","WL","laptop",10758,17693,11440,9076,41,82,45,43,48967,211
"58",6,69,9,3.4805,3,"Laptop",15,40,9,2,70,6,2,60,4,"Metro_label","WL","laptop",10758,17693,11440,9076,41,82,45,43,48967,211
"59",6,71,11,2.3635,3,"Laptop",25,20,8,2,50,6,2,70,5,"RH_label","WL","laptop",10758,17693,11440,9076,41,82,45,43,48967,211
"60",6,72,12,4.3294,3,"Laptop",20,30,7,1,70,6,1,70,3,"Metro_label","WL","laptop",10758,17693,11440,9076,41,82,45,43,48967,211
"61",7,79,7,5.3076,2,"Laptop",25,40,8,3,60,6,3,70,3,"Metro_label","WL","laptop",17197,15241,11147,12569,70,60,45,47,56154,222
"62",7,73,1,7.2772,2,"Laptop",15,20,8,3,70,4,3,60,4,"RH_label","WL","laptop",17197,15241,11147,12569,70,60,45,47,56154,222
"63",7,74,2,6.316,2,"Laptop",20,20,7,3,70,6,3,60,3,"Metro_label","WL","laptop",17197,15241,11147,12569,70,60,45,47,56154,222
"64",7,75,3,6.5165,2,"Laptop",15,40,9,1,60,4,1,70,5,"Bus_label","WL","laptop",17197,15241,11147,12569,70,60,45,47,56154,222
"65",7,76,4,5.2105,2,"Laptop",25,30,8,2,70,4,2,80,4,"Metro_label","WL","laptop",17197,15241,11147,12569,70,60,45,47,56154,222
"66",7,77,5,2.8208,2,"Laptop",25,20,9,2,60,4,2,70,4,"Metro_label","WL","laptop",17197,15241,11147,12569,70,60,45,47,56154,222
"67",7,78,6,6.3333,2,"Laptop",20,30,9,2,50,5,2,60,3,"Bus_label","WL","laptop",17197,15241,11147,12569,70,60,45,47,56154,222
"68",7,82,10,1.9332,2,"Laptop",15,40,7,1,50,6,1,70,5,"Metro_label","WL","laptop",17197,15241,11147,12569,70,60,45,47,56154,222
"69",7,83,11,3.0694,2,"Laptop",25,20,7,2,70,5,2,80,5,"Metro_label","WL","laptop",17197,15241,11147,12569,70,60,45,47,56154,222
"70",7,80,8,4.3207,2,"Laptop",15,30,7,3,60,4,3,80,5,"Metro_label","WL","laptop",17197,15241,11147,12569,70,60,45,47,56154,222
"71",7,81,9,5.2163,2,"Laptop",20,40,8,1,50,5,1,80,3,"Metro_label","WL","laptop",17197,15241,11147,12569,70,60,45,47,56154,222
"72",7,84,12,2.6537,2,"Laptop",25,30,9,1,70,6,1,60,4,"Bus_label","WL","laptop",17197,15241,11147,12569,70,60,45,47,56154,222
"73",8,92,8,4.7168,4,"Laptop",20,20,8,1,50,5,1,70,4,"Metro_label","WL","laptop",14441,13355,20490,22601,67,64,99,96,70887,326
"74",8,93,9,6.3984,4,"Laptop",25,40,7,1,60,5,1,80,4,"Metro_label","WL","laptop",14441,13355,20490,22601,67,64,99,96,70887,326
"75",8,85,1,6.7602,4,"Laptop",25,20,8,1,60,4,1,60,3,"Metro_label","WL","laptop",14441,13355,20490,22601,67,64,99,96,70887,326
"76",8,86,2,7.8552,4,"Laptop",20,40,8,2,70,4,2,70,5,"Bus_label","WL","laptop",14441,13355,20490,22601,67,64,99,96,70887,326
"77",8,87,3,7.0747,4,"Laptop",20,30,8,2,60,5,2,60,5,"Bus_label","WL","laptop",14441,13355,20490,22601,67,64,99,96,70887,326
"78",8,88,4,4.8348,4,"Laptop",25,40,7,2,70,6,2,80,5,"Metro_label","WL","laptop",14441,13355,20490,22601,67,64,99,96,70887,326
"79",8,89,5,6.935,4,"Laptop",20,40,7,3,60,6,3,60,4,"Metro_label","WL","laptop",14441,13355,20490,22601,67,64,99,96,70887,326
"80",8,90,6,4.6165,4,"Laptop",25,20,9,3,50,4,3,80,3,"Metro_label","WL","laptop",14441,13355,20490,22601,67,64,99,96,70887,326
"81",8,91,7,4.533,4,"Laptop",15,20,9,2,50,6,2,80,4,"Metro_label","WL","laptop",14441,13355,20490,22601,67,64,99,96,70887,326
"82",8,94,10,5.4363,4,"Laptop",20,30,9,3,50,6,3,70,4,"Metro_label","WL","laptop",14441,13355,20490,22601,67,64,99,96,70887,326
"83",8,95,11,5.4021,4,"Laptop",15,30,7,1,70,4,1,60,3,"Bus_label","WL","laptop",14441,13355,20490,22601,67,64,99,96,70887,326
"84",8,96,12,6.3493,4,"Laptop",15,30,9,3,70,5,3,70,5,"Bus_label","WL","laptop",14441,13355,20490,22601,67,64,99,96,70887,326
"85",9,106,10,5.0143,1,"Laptop",15,20,8,1,60,6,1,60,5,"Metro_label","WL","laptop",12095,14137,16205,30137,53,59,68,98,72574,278
"86",9,97,1,5.8311,1,"Laptop",20,20,7,2,70,4,2,70,4,"Metro_label","WL","laptop",12095,14137,16205,30137,53,59,68,98,72574,278
"87",9,98,2,6.2015,1,"Laptop",20,40,7,3,50,5,3,60,4,"Bus_label","WL","laptop",12095,14137,16205,30137,53,59,68,98,72574,278
"88",9,99,3,7.0999,1,"Laptop",25,30,8,3,60,6,3,70,3,"Metro_label","WL","laptop",12095,14137,16205,30137,53,59,68,98,72574,278
"89",9,100,4,3.0526,1,"Laptop",25,30,7,1,50,4,1,70,4,"Metro_label","WL","laptop",12095,14137,16205,30137,53,59,68,98,72574,278
"90",9,101,5,7.0881,1,"Laptop",25,30,9,2,60,5,2,60,5,"RH_label","WL","laptop",12095,14137,16205,30137,53,59,68,98,72574,278
"91",9,102,6,7.5268,1,"Laptop",20,20,9,3,70,4,3,70,5,"RH_label","WL","laptop",12095,14137,16205,30137,53,59,68,98,72574,278
"92",9,103,7,5.683,1,"Laptop",15,20,9,1,70,5,1,80,3,"Metro_label","WL","laptop",12095,14137,16205,30137,53,59,68,98,72574,278
"93",9,104,8,6.5346,1,"Laptop",15,40,8,3,70,5,3,80,4,"Metro_label","WL","laptop",12095,14137,16205,30137,53,59,68,98,72574,278
"94",9,105,9,6.6201,1,"Laptop",20,20,9,1,60,6,1,80,5,"RH_label","WL","laptop",12095,14137,16205,30137,53,59,68,98,72574,278
"95",9,107,11,7.2476,1,"Laptop",15,40,8,2,50,4,2,60,3,"Metro_label","WL","laptop",12095,14137,16205,30137,53,59,68,98,72574,278
"96",9,108,12,6.3798,1,"Laptop",15,30,7,2,50,6,2,80,3,"Metro_label","WL","laptop",12095,14137,16205,30137,53,59,68,98,72574,278
"97",10,119,11,3.8509,4,"Laptop",15,30,7,1,70,4,1,60,3,"Bus_label","WL","laptop",10987,15869,11280,16050,51,60,50,52,54186,213
"98",10,109,1,5.8439,4,"Laptop",25,20,8,1,60,4,1,60,3,"Metro_label","WL","laptop",10987,15869,11280,16050,51,60,50,52,54186,213
"99",10,110,2,4.296,4,"Laptop",20,40,8,2,70,4,2,70,5,"Bus_label","WL","laptop",10987,15869,11280,16050,51,60,50,52,54186,213
"100",10,111,3,3.4635,4,"Laptop",20,30,8,2,60,5,2,60,5,"Bus_label","WL","laptop",10987,15869,11280,16050,51,60,50,52,54186,213
"101",10,112,4,4.3472,4,"Laptop",25,40,7,2,70,6,2,80,5,"Metro_label","WL","laptop",10987,15869,11280,16050,51,60,50,52,54186,213
"102",10,113,5,3.1683,4,"Laptop",20,40,7,3,60,6,3,60,4,"Metro_label","WL","laptop",10987,15869,11280,16050,51,60,50,52,54186,213
"103",10,114,6,3.7999,4,"Laptop",25,20,9,3,50,4,3,80,3,"Metro_label","WL","laptop",10987,15869,11280,16050,51,60,50,52,54186,213
"104",10,115,7,3.2647,4,"Laptop",15,20,9,2,50,6,2,80,4,"Metro_label","WL","laptop",10987,15869,11280,16050,51,60,50,52,54186,213
"105",10,116,8,3.7666,4,"Laptop",20,20,8,1,50,5,1,70,4,"Metro_label","WL","laptop",10987,15869,11280,16050,51,60,50,52,54186,213
"106",10,117,9,3.7464,4,"Laptop",25,40,7,1,60,5,1,80,4,"Metro_label","WL","laptop",10987,15869,11280,16050,51,60,50,52,54186,213
"107",10,118,10,6.1655,4,"Laptop",20,30,9,3,50,6,3,70,4,"Metro_label","WL","laptop",10987,15869,11280,16050,51,60,50,52,54186,213
"108",10,120,12,5.2143,4,"Laptop",15,30,9,3,70,5,3,70,5,"Bus_label","WL","laptop",10987,15869,11280,16050,51,60,50,52,54186,213
"109",11,132,12,5.9707,1,"Laptop",15,30,7,2,50,6,2,80,3,"Metro_label","WL","laptop",17766,11919,18005,10450,73,44,67,46,58140,230
"110",11,131,11,5.8723,1,"Laptop",15,40,8,2,50,4,2,60,3,"Metro_label","WL","laptop",17766,11919,18005,10450,73,44,67,46,58140,230
"111",11,123,3,5.1162,1,"Laptop",25,30,8,3,60,6,3,70,3,"Metro_label","WL","laptop",17766,11919,18005,10450,73,44,67,46,58140,230
"112",11,121,1,5.3156,1,"Laptop",20,20,7,2,70,4,2,70,4,"Metro_label","WL","laptop",17766,11919,18005,10450,73,44,67,46,58140,230
"113",11,122,2,4.3827,1,"Laptop",20,40,7,3,50,5,3,60,4,"Metro_label","WL","laptop",17766,11919,18005,10450,73,44,67,46,58140,230
"114",11,127,7,3.6203,1,"Laptop",15,20,9,1,70,5,1,80,3,"Metro_label","WL","laptop",17766,11919,18005,10450,73,44,67,46,58140,230
"115",11,124,4,5.3831,1,"Laptop",25,30,7,1,50,4,1,70,4,"Metro_label","WL","laptop",17766,11919,18005,10450,73,44,67,46,58140,230
"116",11,125,5,6.3498,1,"Laptop",25,30,9,2,60,5,2,60,5,"Metro_label","WL","laptop",17766,11919,18005,10450,73,44,67,46,58140,230
"117",11,126,6,3.9975,1,"Laptop",20,20,9,3,70,4,3,70,5,"Bus_label","WL","laptop",17766,11919,18005,10450,73,44,67,46,58140,230
"118",11,128,8,3.8516,1,"Laptop",15,40,8,3,70,5,3,80,4,"Metro_label","WL","laptop",17766,11919,18005,10450,73,44,67,46,58140,230
"119",11,129,9,5.0127,1,"Laptop",20,20,9,1,60,6,1,80,5,"Metro_label","WL","laptop",17766,11919,18005,10450,73,44,67,46,58140,230
"120",11,130,10,5.1666,1,"Laptop",15,20,8,1,60,6,1,60,5,"Metro_label","WL","laptop",17766,11919,18005,10450,73,44,67,46,58140,230
"121",12,134,2,9.083,3,"Laptop",20,30,8,1,70,6,1,80,5,"Metro_label","WL","laptop",12858,25208,31520,24093,49,83,100,68,93679,300
"122",12,133,1,8.5117,3,"Laptop",25,40,9,1,50,4,1,60,5,"Metro_label","WL","laptop",12858,25208,31520,24093,49,83,100,68,93679,300
"123",12,138,6,13.1163,3,"Laptop",15,20,7,2,60,5,2,70,3,"Metro_label","WL","laptop",12858,25208,31520,24093,49,83,100,68,93679,300
"124",12,135,3,6.1137,3,"Laptop",15,30,8,3,50,4,3,80,5,"RH_label","WL","laptop",12858,25208,31520,24093,49,83,100,68,93679,300
"125",12,136,4,6.9519,3,"Laptop",15,30,8,1,60,5,1,70,4,"Metro_label","WL","laptop",12858,25208,31520,24093,49,83,100,68,93679,300
"126",12,137,5,7.9686,3,"Laptop",25,20,7,3,50,5,3,60,5,"Metro_label","WL","laptop",12858,25208,31520,24093,49,83,100,68,93679,300
"127",12,142,10,4.3136,3,"Laptop",25,40,9,3,70,5,3,70,3,"Metro_label","WL","laptop",12858,25208,31520,24093,49,83,100,68,93679,300
"128",12,139,7,7.6184,3,"Laptop",20,30,7,3,60,4,3,80,4,"Metro_label","WL","laptop",12858,25208,31520,24093,49,83,100,68,93679,300
"129",12,140,8,4.2839,3,"Laptop",20,40,9,2,60,4,2,80,3,"Metro_label","WL","laptop",12858,25208,31520,24093,49,83,100,68,93679,300
"130",12,141,9,12.3836,3,"Laptop",15,40,9,2,70,6,2,60,4,"RH_label","WL","laptop",12858,25208,31520,24093,49,83,100,68,93679,300
"131",12,143,11,9.8137,3,"Laptop",25,20,8,2,50,6,2,70,5,"Metro_label","WL","laptop",12858,25208,31520,24093,49,83,100,68,93679,300
"132",12,144,12,4.3493,3,"Laptop",20,30,7,1,70,6,1,70,3,"Metro_label","WL","laptop",12858,25208,31520,24093,49,83,100,68,93679,300
"133",13,147,3,4.6662,3,"Laptop",15,30,8,3,50,4,3,80,5,"Metro_label","WL","laptop",15579,5071,11523,24446,71,27,49,100,56619,247
"134",13,145,1,5.1108,3,"Laptop",25,40,9,1,50,4,1,60,5,"Metro_label","WL","laptop",15579,5071,11523,24446,71,27,49,100,56619,247
"135",13,146,2,4.7332,3,"Laptop",20,30,8,1,70,6,1,80,5,"Metro_label","WL","laptop",15579,5071,11523,24446,71,27,49,100,56619,247
"136",13,151,7,3.3159,3,"Laptop",20,30,7,3,60,4,3,80,4,"Metro_label","WL","laptop",15579,5071,11523,24446,71,27,49,100,56619,247
"137",13,148,4,3.1331,3,"Laptop",15,30,8,1,60,5,1,70,4,"Metro_label","WL","laptop",15579,5071,11523,24446,71,27,49,100,56619,247
"138",13,149,5,4.237,3,"Laptop",25,20,7,3,50,5,3,60,5,"Metro_label","WL","laptop",15579,5071,11523,24446,71,27,49,100,56619,247
"139",13,150,6,4.3444,3,"Laptop",15,20,7,2,60,5,2,70,3,"Metro_label","WL","laptop",15579,5071,11523,24446,71,27,49,100,56619,247
"140",13,155,11,3.6872,3,"Laptop",25,20,8,2,50,6,2,70,5,"Metro_label","WL","laptop",15579,5071,11523,24446,71,27,49,100,56619,247
"141",13,152,8,3.9176,3,"Laptop",20,40,9,2,60,4,2,80,3,"Metro_label","WL","laptop",15579,5071,11523,24446,71,27,49,100,56619,247
"142",13,153,9,3.8949,3,"Laptop",15,40,9,2,70,6,2,60,4,"Bus_label","WL","laptop",15579,5071,11523,24446,71,27,49,100,56619,247
"143",13,154,10,4.965,3,"Laptop",25,40,9,3,70,5,3,70,3,"Metro_label","WL","laptop",15579,5071,11523,24446,71,27,49,100,56619,247
"144",13,156,12,4.2529,3,"Laptop",20,30,7,1,70,6,1,70,3,"Metro_label","WL","laptop",15579,5071,11523,24446,71,27,49,100,56619,247
"145",14,160,4,8.9504,2,"Laptop",25,30,8,2,70,4,2,80,4,"Metro_label","WL","laptop",6263,4516,10149,36633,40,32,71,181,57561,324
"146",14,157,1,8.6766,2,"Laptop",15,20,8,3,70,4,3,60,4,"Metro_label","WL","laptop",6263,4516,10149,36633,40,32,71,181,57561,324
"147",14,158,2,12.1838,2,"Laptop",20,20,7,3,70,6,3,60,3,"Metro_label","WL","laptop",6263,4516,10149,36633,40,32,71,181,57561,324
"148",14,159,3,10.8645,2,"Laptop",15,40,9,1,60,4,1,70,5,"Bus_label","WL","laptop",6263,4516,10149,36633,40,32,71,181,57561,324
"149",14,163,7,9.7047,2,"Laptop",25,40,8,3,60,6,3,70,3,"Metro_label","WL","laptop",6263,4516,10149,36633,40,32,71,181,57561,324
"150",14,164,8,7.0879,2,"Laptop",15,30,7,3,60,4,3,80,5,"Metro_label","WL","laptop",6263,4516,10149,36633,40,32,71,181,57561,324
"151",14,161,5,5.333,2,"Laptop",25,20,9,2,60,4,2,70,4,"Bus_label","WL","laptop",6263,4516,10149,36633,40,32,71,181,57561,324
"152",14,162,6,6.8718,2,"Laptop",20,30,9,2,50,5,2,60,3,"Metro_label","WL","laptop",6263,4516,10149,36633,40,32,71,181,57561,324
"153",14,167,11,4.433,2,"Laptop",25,20,7,2,70,5,2,80,5,"Metro_label","WL","laptop",6263,4516,10149,36633,40,32,71,181,57561,324
"154",14,168,12,10.3136,2,"Laptop",25,30,9,1,70,6,1,60,4,"Bus_label","WL","laptop",6263,4516,10149,36633,40,32,71,181,57561,324
"155",14,165,9,4.6151,2,"Laptop",20,40,8,1,50,5,1,80,3,"Metro_label","WL","laptop",6263,4516,10149,36633,40,32,71,181,57561,324
"156",14,166,10,4.8565,2,"Laptop",15,40,7,1,50,6,1,70,5,"Metro_label","WL","laptop",6263,4516,10149,36633,40,32,71,181,57561,324
"157",15,173,5,3.8504,2,"Laptop",25,20,9,2,60,4,2,70,4,"Metro_label","WL","laptop",16735,15532,14548,20499,66,59,65,80,67314,270
"158",15,174,6,5.881,2,"Laptop",20,30,9,2,50,5,2,60,3,"Metro_label","WL","laptop",16735,15532,14548,20499,66,59,65,80,67314,270
"159",15,169,1,10.5103,2,"Laptop",15,20,8,3,70,4,3,60,4,"RH_label","WL","laptop",16735,15532,14548,20499,66,59,65,80,67314,270
"160",15,170,2,7.0163,2,"Laptop",20,20,7,3,70,6,3,60,3,"RH_label","WL","laptop",16735,15532,14548,20499,66,59,65,80,67314,270
"161",15,171,3,5.7186,2,"Laptop",15,40,9,1,60,4,1,70,5,"Metro_label","WL","laptop",16735,15532,14548,20499,66,59,65,80,67314,270
"162",15,172,4,3.4498,2,"Laptop",25,30,8,2,70,4,2,80,4,"Metro_label","WL","laptop",16735,15532,14548,20499,66,59,65,80,67314,270
"163",15,178,10,7.6166,2,"Laptop",15,40,7,1,50,6,1,70,5,"Metro_label","WL","laptop",16735,15532,14548,20499,66,59,65,80,67314,270
"164",15,175,7,5.0497,2,"Laptop",25,40,8,3,60,6,3,70,3,"Metro_label","WL","laptop",16735,15532,14548,20499,66,59,65,80,67314,270
"165",15,176,8,4.883,2,"Laptop",15,30,7,3,60,4,3,80,5,"Metro_label","WL","laptop",16735,15532,14548,20499,66,59,65,80,67314,270
"166",15,177,9,4.2667,2,"Laptop",20,40,8,1,50,5,1,80,3,"Metro_label","WL","laptop",16735,15532,14548,20499,66,59,65,80,67314,270
"167",15,179,11,5.4752,2,"Laptop",25,20,7,2,70,5,2,80,5,"RH_label","WL","laptop",16735,15532,14548,20499,66,59,65,80,67314,270
"168",15,180,12,5.2159,2,"Laptop",25,30,9,1,70,6,1,60,4,"Bus_label","WL","laptop",16735,15532,14548,20499,66,59,65,80,67314,270
"169",16,187,7,5.4663,4,"Laptop",15,20,9,2,50,6,2,80,4,"RH_label","WL","laptop",17724,13186,21156,15751,83,47,91,74,67817,295
"170",16,181,1,4.91,4,"Laptop",25,20,8,1,60,4,1,60,3,"Metro_label","WL","laptop",17724,13186,21156,15751,83,47,91,74,67817,295
"171",16,182,2,6.9303,4,"Laptop",20,40,8,2,70,4,2,70,5,"Bus_label","WL","laptop",17724,13186,21156,15751,83,47,91,74,67817,295
"172",16,183,3,10.1516,4,"Laptop",20,30,8,2,60,5,2,60,5,"RH_label","WL","laptop",17724,13186,21156,15751,83,47,91,74,67817,295
"173",16,184,4,6.5648,4,"Laptop",25,40,7,2,70,6,2,80,5,"Metro_label","WL","laptop",17724,13186,21156,15751,83,47,91,74,67817,295
"174",16,185,5,5.7694,4,"Laptop",20,40,7,3,60,6,3,60,4,"Metro_label","WL","laptop",17724,13186,21156,15751,83,47,91,74,67817,295
"175",16,186,6,4.1912,4,"Laptop",25,20,9,3,50,4,3,80,3,"RH_label","WL","laptop",17724,13186,21156,15751,83,47,91,74,67817,295
"176",16,191,11,4.6866,4,"Laptop",15,30,7,1,70,4,1,60,3,"Bus_label","WL","laptop",17724,13186,21156,15751,83,47,91,74,67817,295
"177",16,188,8,3.6334,4,"Laptop",20,20,8,1,50,5,1,70,4,"Metro_label","WL","laptop",17724,13186,21156,15751,83,47,91,74,67817,295
"178",16,189,9,5.4985,4,"Laptop",25,40,7,1,60,5,1,80,4,"Metro_label","WL","laptop",17724,13186,21156,15751,83,47,91,74,67817,295
"179",16,190,10,7.5497,4,"Laptop",20,30,9,3,50,6,3,70,4,"Metro_label","WL","laptop",17724,13186,21156,15751,83,47,91,74,67817,295
"180",16,192,12,5.7501,4,"Laptop",15,30,9,3,70,5,3,70,5,"RH_label","WL","laptop",17724,13186,21156,15751,83,47,91,74,67817,295
"181",17,200,8,5.1492,4,"Laptop",20,20,8,1,50,5,1,70,4,"Metro_label","WL","laptop",16423,11795,22673,19999,78,60,102,86,70890,326
"182",17,193,1,7.08,4,"Laptop",25,20,8,1,60,4,1,60,3,"Metro_label","WL","laptop",16423,11795,22673,19999,78,60,102,86,70890,326
"183",17,194,2,7.7798,4,"Laptop",20,40,8,2,70,4,2,70,5,"Bus_label","WL","laptop",16423,11795,22673,19999,78,60,102,86,70890,326
"184",17,195,3,9.4329,4,"Laptop",20,30,8,2,60,5,2,60,5,"Metro_label","WL","laptop",16423,11795,22673,19999,78,60,102,86,70890,326
"185",17,196,4,5.5456,4,"Laptop",25,40,7,2,70,6,2,80,5,"Metro_label","WL","laptop",16423,11795,22673,19999,78,60,102,86,70890,326
"186",17,197,5,5.4694,4,"Laptop",20,40,7,3,60,6,3,60,4,"Metro_label","WL","laptop",16423,11795,22673,19999,78,60,102,86,70890,326
"187",17,198,6,3.8997,4,"Laptop",25,20,9,3,50,4,3,80,3,"Metro_label","WL","laptop",16423,11795,22673,19999,78,60,102,86,70890,326
"188",17,199,7,6.9965,4,"Laptop",15,20,9,2,50,6,2,80,4,"Metro_label","WL","laptop",16423,11795,22673,19999,78,60,102,86,70890,326
"189",17,203,11,4.6018,4,"Laptop",15,30,7,1,70,4,1,60,3,"Bus_label","WL","laptop",16423,11795,22673,19999,78,60,102,86,70890,326
"190",17,204,12,6.1811,4,"Laptop",15,30,9,3,70,5,3,70,5,"Metro_label","WL","laptop",16423,11795,22673,19999,78,60,102,86,70890,326
"191",17,201,9,2.8664,4,"Laptop",25,40,7,1,60,5,1,80,4,"Metro_label","WL","laptop",16423,11795,22673,19999,78,60,102,86,70890,326
"192",17,202,10,2.8166,4,"Laptop",20,30,9,3,50,6,3,70,4,"Metro_label","WL","laptop",16423,11795,22673,19999,78,60,102,86,70890,326
"193",18,213,9,4.2831,4,"Laptop",25,40,7,1,60,5,1,80,4,"Metro_label","WL","laptop",19623,13614,13696,9259,72,52,58,40,56192,222
"194",18,214,10,3.05,4,"Laptop",20,30,9,3,50,6,3,70,4,"Metro_label","WL","laptop",19623,13614,13696,9259,72,52,58,40,56192,222
"195",18,205,1,5.7444,4,"Laptop",25,20,8,1,60,4,1,60,3,"Metro_label","WL","laptop",19623,13614,13696,9259,72,52,58,40,56192,222
"196",18,206,2,4.9764,4,"Laptop",20,40,8,2,70,4,2,70,5,"Bus_label","WL","laptop",19623,13614,13696,9259,72,52,58,40,56192,222
"197",18,207,3,4.6797,4,"Laptop",20,30,8,2,60,5,2,60,5,"Metro_label","WL","laptop",19623,13614,13696,9259,72,52,58,40,56192,222
"198",18,208,4,3.5028,4,"Laptop",25,40,7,2,70,6,2,80,5,"Metro_label","WL","laptop",19623,13614,13696,9259,72,52,58,40,56192,222
"199",18,209,5,4.5539,4,"Laptop",20,40,7,3,60,6,3,60,4,"Metro_label","WL","laptop",19623,13614,13696,9259,72,52,58,40,56192,222
"200",18,210,6,3.7499,4,"Laptop",25,20,9,3,50,4,3,80,3,"Metro_label","WL","laptop",19623,13614,13696,9259,72,52,58,40,56192,222
"201",18,211,7,4.9504,4,"Laptop",15,20,9,2,50,6,2,80,4,"Metro_label","WL","laptop",19623,13614,13696,9259,72,52,58,40,56192,222
"202",18,212,8,4.6495,4,"Laptop",20,20,8,1,50,5,1,70,4,"Metro_label","WL","laptop",19623,13614,13696,9259,72,52,58,40,56192,222
"203",18,215,11,3.8044,4,"Laptop",15,30,7,1,70,4,1,60,3,"Bus_label","WL","laptop",19623,13614,13696,9259,72,52,58,40,56192,222
"204",18,216,12,4.4154,4,"Laptop",15,30,9,3,70,5,3,70,5,"RH_label","WL","laptop",19623,13614,13696,9259,72,52,58,40,56192,222
"205",19,227,11,8.2672,2,"Laptop",25,20,7,2,70,5,2,80,5,"RH_label","WL","laptop",28697,18562,35013,17393,126,86,145,92,99665,449
"206",19,217,1,15.0789,2,"Laptop",15,20,8,3,70,4,3,60,4,"RH_label","WL","laptop",28697,18562,35013,17393,126,86,145,92,99665,449
"207",19,218,2,12.8497,2,"Laptop",20,20,7,3,70,6,3,60,3,"Metro_label","WL","laptop",28697,18562,35013,17393,126,86,145,92,99665,449
"208",19,219,3,7.1333,2,"Laptop",15,40,9,1,60,4,1,70,5,"Bus_label","WL","laptop",28697,18562,35013,17393,126,86,145,92,99665,449
"209",19,220,4,9.083,2,"Laptop",25,30,8,2,70,4,2,80,4,"RH_label","WL","laptop",28697,18562,35013,17393,126,86,145,92,99665,449
"210",19,221,5,6.2492,2,"Laptop",25,20,9,2,60,4,2,70,4,"RH_label","WL","laptop",28697,18562,35013,17393,126,86,145,92,99665,449
"211",19,222,6,10.4372,2,"Laptop",20,30,9,2,50,5,2,60,3,"Metro_label","WL","laptop",28697,18562,35013,17393,126,86,145,92,99665,449
"212",19,223,7,6.633,2,"Laptop",25,40,8,3,60,6,3,70,3,"Metro_label","WL","laptop",28697,18562,35013,17393,126,86,145,92,99665,449
"213",19,224,8,7.836,2,"Laptop",15,30,7,3,60,4,3,80,5,"RH_label","WL","laptop",28697,18562,35013,17393,126,86,145,92,99665,449
"214",19,225,9,19.6838,2,"Laptop",20,40,8,1,50,5,1,80,3,"RH_label","WL","laptop",28697,18562,35013,17393,126,86,145,92,99665,449
"215",19,226,10,8.8794,2,"Laptop",15,40,7,1,50,6,1,70,5,"Metro_label","WL","laptop",28697,18562,35013,17393,126,86,145,92,99665,449
"216",19,228,12,13.3998,2,"Laptop",25,30,9,1,70,6,1,60,4,"RH_label","WL","laptop",28697,18562,35013,17393,126,86,145,92,99665,449
"217",20,240,12,2.2645,1,"Laptop",15,30,7,2,50,6,2,80,3,"Metro_label","WL","laptop",10930,8309,6932,10973,25,28,25,25,37144,103
"218",20,229,1,3.3343,1,"Laptop",20,20,7,2,70,4,2,70,4,"Metro_label","WL","laptop",10930,8309,6932,10973,25,28,25,25,37144,103
"219",20,230,2,3.2828,1,"Laptop",20,40,7,3,50,5,3,60,4,"Metro_label","WL","laptop",10930,8309,6932,10973,25,28,25,25,37144,103
"220",20,231,3,2.5256,1,"Laptop",25,30,8,3,60,6,3,70,3,"Metro_label","WL","laptop",10930,8309,6932,10973,25,28,25,25,37144,103
"221",20,232,4,2.0901,1,"Laptop",25,30,7,1,50,4,1,70,4,"Metro_label","WL","laptop",10930,8309,6932,10973,25,28,25,25,37144,103
"222",20,233,5,1.8366,1,"Laptop",25,30,9,2,60,5,2,60,5,"Metro_label","WL","laptop",10930,8309,6932,10973,25,28,25,25,37144,103
"223",20,234,6,1.5199,1,"Laptop",20,20,9,3,70,4,3,70,5,"Metro_label","WL","laptop",10930,8309,6932,10973,25,28,25,25,37144,103
"224",20,235,7,2.3537,1,"Laptop",15,20,9,1,70,5,1,80,3,"Metro_label","WL","laptop",10930,8309,6932,10973,25,28,25,25,37144,103
"225",20,236,8,2.0039,1,"Laptop",15,40,8,3,70,5,3,80,4,"Metro_label","WL","laptop",10930,8309,6932,10973,25,28,25,25,37144,103
"226",20,237,9,1.933,1,"Laptop",20,20,9,1,60,6,1,80,5,"Metro_label","WL","laptop",10930,8309,6932,10973,25,28,25,25,37144,103
"227",20,238,10,3.2618,1,"Laptop",15,20,8,1,60,6,1,60,5,"Metro_label","WL","laptop",10930,8309,6932,10973,25,28,25,25,37144,103
"228",20,239,11,2.0534,1,"Laptop",15,40,8,2,50,4,2,60,3,"Metro_label","WL","laptop",10930,8309,6932,10973,25,28,25,25,37144,103
"229",22,253,1,7.1331,4,"Laptop",25,20,8,1,60,4,1,60,3,"Metro_label","WL","laptop",16842,13803,22807,36227,86,59,106,129,89679,380
"230",22,254,2,7.1326,4,"Laptop",20,40,8,2,70,4,2,70,5,"Bus_label","WL","laptop",16842,13803,22807,36227,86,59,106,129,89679,380
"231",22,255,3,6.5636,4,"Laptop",20,30,8,2,60,5,2,60,5,"Metro_label","WL","laptop",16842,13803,22807,36227,86,59,106,129,89679,380
"232",22,256,4,7.0805,4,"Laptop",25,40,7,2,70,6,2,80,5,"Metro_label","WL","laptop",16842,13803,22807,36227,86,59,106,129,89679,380
"233",22,257,5,6.6289,4,"Laptop",20,40,7,3,60,6,3,60,4,"Metro_label","WL","laptop",16842,13803,22807,36227,86,59,106,129,89679,380
"234",22,258,6,5.6042,4,"Laptop",25,20,9,3,50,4,3,80,3,"Metro_label","WL","laptop",16842,13803,22807,36227,86,59,106,129,89679,380
"235",22,259,7,9.1778,4,"Laptop",15,20,9,2,50,6,2,80,4,"Metro_label","WL","laptop",16842,13803,22807,36227,86,59,106,129,89679,380
"236",22,260,8,6.9821,4,"Laptop",20,20,8,1,50,5,1,70,4,"Metro_label","WL","laptop",16842,13803,22807,36227,86,59,106,129,89679,380
"237",22,261,9,9.0272,4,"Laptop",25,40,7,1,60,5,1,80,4,"Metro_label","WL","laptop",16842,13803,22807,36227,86,59,106,129,89679,380
"238",22,262,10,8.3498,4,"Laptop",20,30,9,3,50,6,3,70,4,"Metro_label","WL","laptop",16842,13803,22807,36227,86,59,106,129,89679,380
"239",22,263,11,11.1803,4,"Laptop",15,30,7,1,70,4,1,60,3,"RH_label","WL","laptop",16842,13803,22807,36227,86,59,106,129,89679,380
"240",22,264,12,8.9616,4,"Laptop",15,30,9,3,70,5,3,70,5,"RH_label","WL","laptop",16842,13803,22807,36227,86,59,106,129,89679,380
"241",23,265,1,7.5254,4,"Laptop",25,20,8,1,60,4,1,60,3,"Metro_label","WL","laptop",12372,11127,9510,27320,61,63,45,96,60329,265
"242",23,266,2,4.8162,4,"Laptop",20,40,8,2,70,4,2,70,5,"Bus_label","WL","laptop",12372,11127,9510,27320,61,63,45,96,60329,265
"243",23,267,3,5.713,4,"Laptop",20,30,8,2,60,5,2,60,5,"Bus_label","WL","laptop",12372,11127,9510,27320,61,63,45,96,60329,265
"244",23,268,4,6.9639,4,"Laptop",25,40,7,2,70,6,2,80,5,"Metro_label","WL","laptop",12372,11127,9510,27320,61,63,45,96,60329,265
"245",23,269,5,4.4973,4,"Laptop",20,40,7,3,60,6,3,60,4,"Metro_label","WL","laptop",12372,11127,9510,27320,61,63,45,96,60329,265
"246",23,270,6,5.2139,4,"Laptop",25,20,9,3,50,4,3,80,3,"Metro_label","WL","laptop",12372,11127,9510,27320,61,63,45,96,60329,265
"247",23,271,7,3.5165,4,"Laptop",15,20,9,2,50,6,2,80,4,"Metro_label","WL","laptop",12372,11127,9510,27320,61,63,45,96,60329,265
"248",23,272,8,5.1754,4,"Laptop",20,20,8,1,50,5,1,70,4,"Metro_label","WL","laptop",12372,11127,9510,27320,61,63,45,96,60329,265
"249",23,273,9,4.2458,4,"Laptop",25,40,7,1,60,5,1,80,4,"Metro_label","WL","laptop",12372,11127,9510,27320,61,63,45,96,60329,265
"250",23,274,10,4.0174,4,"Laptop",20,30,9,3,50,6,3,70,4,"Metro_label","WL","laptop",12372,11127,9510,27320,61,63,45,96,60329,265
"251",23,275,11,5.3135,4,"Laptop",15,30,7,1,70,4,1,60,3,"Bus_label","WL","laptop",12372,11127,9510,27320,61,63,45,96,60329,265
"252",23,276,12,7.0117,4,"Laptop",15,30,9,3,70,5,3,70,5,"Metro_label","WL","laptop",12372,11127,9510,27320,61,63,45,96,60329,265
"253",24,277,1,4.1087,1,"Laptop",20,20,7,2,70,4,2,70,4,"Metro_label","WL","laptop",6672,11635,9666,14867,26,38,40,61,42840,165
"254",24,278,2,3.132,1,"Laptop",20,40,7,3,50,5,3,60,4,"Metro_label","WL","laptop",6672,11635,9666,14867,26,38,40,61,42840,165
"255",24,279,3,3.6674,1,"Laptop",25,30,8,3,60,6,3,70,3,"Metro_label","WL","laptop",6672,11635,9666,14867,26,38,40,61,42840,165
"256",24,280,4,5.9661,1,"Laptop",25,30,7,1,50,4,1,70,4,"Metro_label","WL","laptop",6672,11635,9666,14867,26,38,40,61,42840,165
"257",24,281,5,3.4656,1,"Laptop",25,30,9,2,60,5,2,60,5,"Metro_label","WL","laptop",6672,11635,9666,14867,26,38,40,61,42840,165
"258",24,282,6,3.4168,1,"Laptop",20,20,9,3,70,4,3,70,5,"Bus_label","WL","laptop",6672,11635,9666,14867,26,38,40,61,42840,165
"259",24,283,7,2.7832,1,"Laptop",15,20,9,1,70,5,1,80,3,"Metro_label","WL","laptop",6672,11635,9666,14867,26,38,40,61,42840,165
"260",24,284,8,3.0337,1,"Laptop",15,40,8,3,70,5,3,80,4,"Metro_label","WL","laptop",6672,11635,9666,14867,26,38,40,61,42840,165
"261",24,285,9,3.5163,1,"Laptop",20,20,9,1,60,6,1,80,5,"Metro_label","WL","laptop",6672,11635,9666,14867,26,38,40,61,42840,165
"262",24,286,10,3.3165,1,"Laptop",15,20,8,1,60,6,1,60,5,"Metro_label","WL","laptop",6672,11635,9666,14867,26,38,40,61,42840,165
"263",24,287,11,3.9479,1,"Laptop",15,40,8,2,50,4,2,60,3,"Metro_label","WL","laptop",6672,11635,9666,14867,26,38,40,61,42840,165
"264",24,288,12,3.5773,1,"Laptop",15,30,7,2,50,6,2,80,3,"Metro_label","WL","laptop",6672,11635,9666,14867,26,38,40,61,42840,165
"265",25,289,1,14.7732,2,"Laptop",15,20,8,3,70,4,3,60,4,"Bus_label","WL","laptop",10634,12385,26098,21282,45,50,79,70,70399,244
"266",25,290,2,8.6969,2,"Laptop",20,20,7,3,70,6,3,60,3,"Metro_label","WL","laptop",10634,12385,26098,21282,45,50,79,70,70399,244
"267",25,291,3,3.8497,2,"Laptop",15,40,9,1,60,4,1,70,5,"RH_label","WL","laptop",10634,12385,26098,21282,45,50,79,70,70399,244
"268",25,292,4,10.1198,2,"Laptop",25,30,8,2,70,4,2,80,4,"RH_label","WL","laptop",10634,12385,26098,21282,45,50,79,70,70399,244
"269",25,293,5,9.0846,2,"Laptop",25,20,9,2,60,4,2,70,4,"Metro_label","WL","laptop",10634,12385,26098,21282,45,50,79,70,70399,244
"270",25,294,6,5.0334,2,"Laptop",20,30,9,2,50,5,2,60,3,"Metro_label","WL","laptop",10634,12385,26098,21282,45,50,79,70,70399,244
"271",25,295,7,5.1837,2,"Laptop",25,40,8,3,60,6,3,70,3,"Metro_label","WL","laptop",10634,12385,26098,21282,45,50,79,70,70399,244
"272",25,296,8,12.2521,2,"Laptop",15,30,7,3,60,4,3,80,5,"Metro_label","WL","laptop",10634,12385,26098,21282,45,50,79,70,70399,244
"273",25,297,9,5.7831,2,"Laptop",20,40,8,1,50,5,1,80,3,"Metro_label","WL","laptop",10634,12385,26098,21282,45,50,79,70,70399,244
"274",25,298,10,6.348,2,"Laptop",15,40,7,1,50,6,1,70,5,"Metro_label","WL","laptop",10634,12385,26098,21282,45,50,79,70,70399,244
"275",25,299,11,13.5501,2,"Laptop",25,20,7,2,70,5,2,80,5,"RH_label","WL","laptop",10634,12385,26098,21282,45,50,79,70,70399,244
"276",25,300,12,6.7662,2,"Laptop",25,30,9,1,70,6,1,60,4,"Bus_label","WL","laptop",10634,12385,26098,21282,45,50,79,70,70399,244
"277",26,301,1,5.5939,3,"Laptop",25,40,9,1,50,4,1,60,5,"Metro_label","WL","laptop",15955,16536,25493,17456,74,69,124,80,75440,347
"278",26,302,2,7.5571,3,"Laptop",20,30,8,1,70,6,1,80,5,"Metro_label","WL","laptop",15955,16536,25493,17456,74,69,124,80,75440,347
"279",26,303,3,6.3979,3,"Laptop",15,30,8,3,50,4,3,80,5,"Metro_label","WL","laptop",15955,16536,25493,17456,74,69,124,80,75440,347
"280",26,304,4,4.9806,3,"Laptop",15,30,8,1,60,5,1,70,4,"Metro_label","WL","laptop",15955,16536,25493,17456,74,69,124,80,75440,347
"281",26,305,5,4.9539,3,"Laptop",25,20,7,3,50,5,3,60,5,"Metro_label","WL","laptop",15955,16536,25493,17456,74,69,124,80,75440,347
"282",26,306,6,7.5912,3,"Laptop",15,20,7,2,60,5,2,70,3,"RH_label","WL","laptop",15955,16536,25493,17456,74,69,124,80,75440,347
"283",26,307,7,7.3015,3,"Laptop",20,30,7,3,60,4,3,80,4,"Metro_label","WL","laptop",15955,16536,25493,17456,74,69,124,80,75440,347
"284",26,308,8,7.1997,3,"Laptop",20,40,9,2,60,4,2,80,3,"Metro_label","WL","laptop",15955,16536,25493,17456,74,69,124,80,75440,347
"285",26,309,9,6.6415,3,"Laptop",15,40,9,2,70,6,2,60,4,"Bus_label","WL","laptop",15955,16536,25493,17456,74,69,124,80,75440,347
"286",26,310,10,8.188,3,"Laptop",25,40,9,3,70,5,3,70,3,"Metro_label","WL","laptop",15955,16536,25493,17456,74,69,124,80,75440,347
"287",26,311,11,5.9665,3,"Laptop",25,20,8,2,50,6,2,70,5,"Metro_label","WL","laptop",15955,16536,25493,17456,74,69,124,80,75440,347
"288",26,312,12,4.5998,3,"Laptop",20,30,7,1,70,6,1,70,3,"Metro_label","WL","laptop",15955,16536,25493,17456,74,69,124,80,75440,347
"289",27,313,1,5.4397,3,"Laptop",25,40,9,1,50,4,1,60,5,"Metro_label","WL","laptop",11818,9847,13831,8302,58,49,55,36,43798,198
"290",27,314,2,3.6867,3,"Laptop",20,30,8,1,70,6,1,80,5,"Metro_label","WL","laptop",11818,9847,13831,8302,58,49,55,36,43798,198
"291",27,315,3,3.0999,3,"Laptop",15,30,8,3,50,4,3,80,5,"Metro_label","WL","laptop",11818,9847,13831,8302,58,49,55,36,43798,198
"292",27,316,4,6.8536,3,"Laptop",15,30,8,1,60,5,1,70,4,"Metro_label","WL","laptop",11818,9847,13831,8302,58,49,55,36,43798,198
"293",27,317,5,2.9636,3,"Laptop",25,20,7,3,50,5,3,60,5,"Metro_label","WL","laptop",11818,9847,13831,8302,58,49,55,36,43798,198
"294",27,318,6,3.3333,3,"Laptop",15,20,7,2,60,5,2,70,3,"Metro_label","WL","laptop",11818,9847,13831,8302,58,49,55,36,43798,198
"295",27,319,7,2.6009,3,"Laptop",20,30,7,3,60,4,3,80,4,"Metro_label","WL","laptop",11818,9847,13831,8302,58,49,55,36,43798,198
"296",27,320,8,2.6855,3,"Laptop",20,40,9,2,60,4,2,80,3,"Metro_label","WL","laptop",11818,9847,13831,8302,58,49,55,36,43798,198
"297",27,321,9,3.2834,3,"Laptop",15,40,9,2,70,6,2,60,4,"Bus_label","WL","laptop",11818,9847,13831,8302,58,49,55,36,43798,198
"298",27,322,10,2.7666,3,"Laptop",25,40,9,3,70,5,3,70,3,"Bus_label","WL","laptop",11818,9847,13831,8302,58,49,55,36,43798,198
"299",27,323,11,2.717,3,"Laptop",25,20,8,2,50,6,2,70,5,"Metro_label","WL","laptop",11818,9847,13831,8302,58,49,55,36,43798,198
"300",27,324,12,2.9484,3,"Laptop",20,30,7,1,70,6,1,70,3,"Bus_label","WL","laptop",11818,9847,13831,8302,58,49,55,36,43798,198
"301",28,325,1,12.0731,1,"Laptop",20,20,7,2,70,4,2,70,4,"Metro_label","WL","laptop",13777,14905,18872,29136,60,68,91,108,76690,327
"302",28,326,2,11.8323,1,"Laptop",20,40,7,3,50,5,3,60,4,"Metro_label","WL","laptop",13777,14905,18872,29136,60,68,91,108,76690,327
"303",28,327,3,10.535,1,"Laptop",25,30,8,3,60,6,3,70,3,"Metro_label","WL","laptop",13777,14905,18872,29136,60,68,91,108,76690,327
"304",28,328,4,5.1862,1,"Laptop",25,30,7,1,50,4,1,70,4,"Metro_label","WL","laptop",13777,14905,18872,29136,60,68,91,108,76690,327
"305",28,329,5,8.1667,1,"Laptop",25,30,9,2,60,5,2,60,5,"Bus_label","WL","laptop",13777,14905,18872,29136,60,68,91,108,76690,327
"306",28,330,6,4.0835,1,"Laptop",20,20,9,3,70,4,3,70,5,"Bus_label","WL","laptop",13777,14905,18872,29136,60,68,91,108,76690,327
"307",28,331,7,4.2666,1,"Laptop",15,20,9,1,70,5,1,80,3,"Metro_label","WL","laptop",13777,14905,18872,29136,60,68,91,108,76690,327
"308",28,332,8,3.9468,1,"Laptop",15,40,8,3,70,5,3,80,4,"RH_label","WL","laptop",13777,14905,18872,29136,60,68,91,108,76690,327
"309",28,333,9,11.4028,1,"Laptop",20,20,9,1,60,6,1,80,5,"Metro_label","WL","laptop",13777,14905,18872,29136,60,68,91,108,76690,327
"310",28,334,10,4.6312,1,"Laptop",15,20,8,1,60,6,1,60,5,"Metro_label","WL","laptop",13777,14905,18872,29136,60,68,91,108,76690,327
"311",28,335,11,5.606,1,"Laptop",15,40,8,2,50,4,2,60,3,"Metro_label","WL","laptop",13777,14905,18872,29136,60,68,91,108,76690,327
"312",28,336,12,4.9404,1,"Laptop",15,30,7,2,50,6,2,80,3,"RH_label","WL","laptop",13777,14905,18872,29136,60,68,91,108,76690,327
"313",29,337,1,6.655,4,"Laptop",25,20,8,1,60,4,1,60,3,"RH_label","WL","laptop",15803,13526,18331,20421,65,60,85,80,68081,290
"314",29,338,2,6.4194,4,"Laptop",20,40,8,2,70,4,2,70,5,"RH_label","WL","laptop",15803,13526,18331,20421,65,60,85,80,68081,290
"315",29,339,3,7.7136,4,"Laptop",20,30,8,2,60,5,2,60,5,"RH_label","WL","laptop",15803,13526,18331,20421,65,60,85,80,68081,290
"316",29,340,4,6.8469,4,"Laptop",25,40,7,2,70,6,2,80,5,"RH_label","WL","laptop",15803,13526,18331,20421,65,60,85,80,68081,290
"317",29,341,5,4.3132,4,"Laptop",20,40,7,3,60,6,3,60,4,"Metro_label","WL","laptop",15803,13526,18331,20421,65,60,85,80,68081,290
"318",29,342,6,8.1,4,"Laptop",25,20,9,3,50,4,3,80,3,"RH_label","WL","laptop",15803,13526,18331,20421,65,60,85,80,68081,290
"319",29,343,7,4.8042,4,"Laptop",15,20,9,2,50,6,2,80,4,"RH_label","WL","laptop",15803,13526,18331,20421,65,60,85,80,68081,290
"320",29,344,8,3.5507,4,"Laptop",20,20,8,1,50,5,1,70,4,"Metro_label","WL","laptop",15803,13526,18331,20421,65,60,85,80,68081,290
"321",29,345,9,5.0794,4,"Laptop",25,40,7,1,60,5,1,80,4,"Metro_label","WL","laptop",15803,13526,18331,20421,65,60,85,80,68081,290
"322",29,346,10,4.733,4,"Laptop",20,30,9,3,50,6,3,70,4,"Metro_label","WL","laptop",15803,13526,18331,20421,65,60,85,80,68081,290
"323",29,347,11,4.3514,4,"Laptop",15,30,7,1,70,4,1,60,3,"RH_label","WL","laptop",15803,13526,18331,20421,65,60,85,80,68081,290
"324",29,348,12,3.5829,4,"Laptop",15,30,9,3,70,5,3,70,5,"RH_label","WL","laptop",15803,13526,18331,20421,65,60,85,80,68081,290
"325",30,349,1,6.2103,1,"Laptop",20,20,7,2,70,4,2,70,4,"RH_label","WL","laptop",24508,18999,20450,28046,110,90,96,92,92003,388
"326",30,350,2,5.481,1,"Laptop",20,40,7,3,50,5,3,60,4,"Metro_label","WL","laptop",24508,18999,20450,28046,110,90,96,92,92003,388
"327",30,351,3,7.8176,1,"Laptop",25,30,8,3,60,6,3,70,3,"Metro_label","WL","laptop",24508,18999,20450,28046,110,90,96,92,92003,388
"328",30,352,4,5.2331,1,"Laptop",25,30,7,1,50,4,1,70,4,"Metro_label","WL","laptop",24508,18999,20450,28046,110,90,96,92,92003,388
"329",30,353,5,6.4042,1,"Laptop",25,30,9,2,60,5,2,60,5,"Metro_label","WL","laptop",24508,18999,20450,28046,110,90,96,92,92003,388
"330",30,354,6,4.4987,1,"Laptop",20,20,9,3,70,4,3,70,5,"RH_label","WL","laptop",24508,18999,20450,28046,110,90,96,92,92003,388
"331",30,355,7,3.0999,1,"Laptop",15,20,9,1,70,5,1,80,3,"RH_label","WL","laptop",24508,18999,20450,28046,110,90,96,92,92003,388
"332",30,356,8,3.3691,1,"Laptop",15,40,8,3,70,5,3,80,4,"RH_label","WL","laptop",24508,18999,20450,28046,110,90,96,92,92003,388
"333",30,357,9,6.0634,1,"Laptop",20,20,9,1,60,6,1,80,5,"Metro_label","WL","laptop",24508,18999,20450,28046,110,90,96,92,92003,388
"334",30,358,10,3.3283,1,"Laptop",15,20,8,1,60,6,1,60,5,"RH_label","WL","laptop",24508,18999,20450,28046,110,90,96,92,92003,388
"335",30,359,11,4.5849,1,"Laptop",15,40,8,2,50,4,2,60,3,"Metro_label","WL","laptop",24508,18999,20450,28046,110,90,96,92,92003,388
"336",30,360,12,7.9666,1,"Laptop",15,30,7,2,50,6,2,80,3,"Metro_label","WL","laptop",24508,18999,20450,28046,110,90,96,92,92003,388
"337",31,361,1,7.0891,1,"Laptop",20,20,7,2,70,4,2,70,4,"Metro_label","WL","laptop",10295,12613,12720,20422,43,43,48,71,56050,205
"338",31,362,2,8.3663,1,"Laptop",20,40,7,3,50,5,3,60,4,"Metro_label","WL","laptop",10295,12613,12720,20422,43,43,48,71,56050,205
"339",31,363,3,5.8473,1,"Laptop",25,30,8,3,60,6,3,70,3,"Metro_label","WL","laptop",10295,12613,12720,20422,43,43,48,71,56050,205
"340",31,364,4,6.1163,1,"Laptop",25,30,7,1,50,4,1,70,4,"Metro_label","WL","laptop",10295,12613,12720,20422,43,43,48,71,56050,205
"341",31,365,5,3.15,1,"Laptop",25,30,9,2,60,5,2,60,5,"Metro_label","WL","laptop",10295,12613,12720,20422,43,43,48,71,56050,205
"342",31,366,6,5.8139,1,"Laptop",20,20,9,3,70,4,3,70,5,"Bus_label","WL","laptop",10295,12613,12720,20422,43,43,48,71,56050,205
"343",31,367,7,4.4455,1,"Laptop",15,20,9,1,70,5,1,80,3,"Metro_label","WL","laptop",10295,12613,12720,20422,43,43,48,71,56050,205
"344",31,368,8,5.0214,1,"Laptop",15,40,8,3,70,5,3,80,4,"Metro_label","WL","laptop",10295,12613,12720,20422,43,43,48,71,56050,205
"345",31,369,9,3.9163,1,"Laptop",20,20,9,1,60,6,1,80,5,"Metro_label","WL","laptop",10295,12613,12720,20422,43,43,48,71,56050,205
"346",31,370,10,3.5168,1,"Laptop",15,20,8,1,60,6,1,60,5,"Metro_label","WL","laptop",10295,12613,12720,20422,43,43,48,71,56050,205
"347",31,371,11,4.0357,1,"Laptop",15,40,8,2,50,4,2,60,3,"Metro_label","WL","laptop",10295,12613,12720,20422,43,43,48,71,56050,205
"348",31,372,12,3.9348,1,"Laptop",15,30,7,2,50,6,2,80,3,"Metro_label","WL","laptop",10295,12613,12720,20422,43,43,48,71,56050,205
"349",32,373,1,3.4602,2,"Laptop",15,20,8,3,70,4,3,60,4,"RH_label","WL","laptop",4796,5780,9812,29082,23,31,41,92,49470,187
"350",32,374,2,4.0023,2,"Laptop",20,20,7,3,70,6,3,60,3,"RH_label","WL","laptop",4796,5780,9812,29082,23,31,41,92,49470,187
"351",32,375,3,3.5999,2,"Laptop",15,40,9,1,60,4,1,70,5,"RH_label","WL","laptop",4796,5780,9812,29082,23,31,41,92,49470,187
"352",32,376,4,4.3893,2,"Laptop",25,30,8,2,70,4,2,80,4,"Metro_label","WL","laptop",4796,5780,9812,29082,23,31,41,92,49470,187
"353",32,377,5,3.9001,2,"Laptop",25,20,9,2,60,4,2,70,4,"Metro_label","WL","laptop",4796,5780,9812,29082,23,31,41,92,49470,187
"354",32,378,6,3.2172,2,"Laptop",20,30,9,2,50,5,2,60,3,"RH_label","WL","laptop",4796,5780,9812,29082,23,31,41,92,49470,187
"355",32,379,7,3.6191,2,"Laptop",25,40,8,3,60,6,3,70,3,"Metro_label","WL","laptop",4796,5780,9812,29082,23,31,41,92,49470,187
"356",32,380,8,3.333,2,"Laptop",15,30,7,3,60,4,3,80,5,"RH_label","WL","laptop",4796,5780,9812,29082,23,31,41,92,49470,187
"357",32,381,9,3.5829,2,"Laptop",20,40,8,1,50,5,1,80,3,"RH_label","WL","laptop",4796,5780,9812,29082,23,31,41,92,49470,187
"358",32,382,10,3.7492,2,"Laptop",15,40,7,1,50,6,1,70,5,"RH_label","WL","laptop",4796,5780,9812,29082,23,31,41,92,49470,187
"359",32,383,11,3.3316,2,"Laptop",25,20,7,2,70,5,2,80,5,"Metro_label","WL","laptop",4796,5780,9812,29082,23,31,41,92,49470,187
"360",32,384,12,2.8443,2,"Laptop",25,30,9,1,70,6,1,60,4,"Metro_label","WL","laptop",4796,5780,9812,29082,23,31,41,92,49470,187
"361",33,385,1,7.1463,4,"Laptop",25,20,8,1,60,4,1,60,3,"Metro_label","WL","laptop",18759,16346,12818,10253,67,59,54,44,58176,224
"362",33,386,2,7.0675,4,"Laptop",20,40,8,2,70,4,2,70,5,"Bus_label","WL","laptop",18759,16346,12818,10253,67,59,54,44,58176,224
"363",33,387,3,4.1988,4,"Laptop",20,30,8,2,60,5,2,60,5,"Bus_label","WL","laptop",18759,16346,12818,10253,67,59,54,44,58176,224
"364",33,388,4,5.0331,4,"Laptop",25,40,7,2,70,6,2,80,5,"Metro_label","WL","laptop",18759,16346,12818,10253,67,59,54,44,58176,224
"365",33,389,5,2.9997,4,"Laptop",20,40,7,3,60,6,3,60,4,"Metro_label","WL","laptop",18759,16346,12818,10253,67,59,54,44,58176,224
"366",33,390,6,4.1676,4,"Laptop",25,20,9,3,50,4,3,80,3,"Metro_label","WL","laptop",18759,16346,12818,10253,67,59,54,44,58176,224
"367",33,391,7,4.283,4,"Laptop",15,20,9,2,50,6,2,80,4,"Metro_label","WL","laptop",18759,16346,12818,10253,67,59,54,44,58176,224
"368",33,392,8,3.1165,4,"Laptop",20,20,8,1,50,5,1,70,4,"Metro_label","WL","laptop",18759,16346,12818,10253,67,59,54,44,58176,224
"369",33,393,9,2.5844,4,"Laptop",25,40,7,1,60,5,1,80,4,"Metro_label","WL","laptop",18759,16346,12818,10253,67,59,54,44,58176,224
"370",33,394,10,4.3202,4,"Laptop",20,30,9,3,50,6,3,70,4,"Metro_label","WL","laptop",18759,16346,12818,10253,67,59,54,44,58176,224
"371",33,395,11,4.747,4,"Laptop",15,30,7,1,70,4,1,60,3,"Bus_label","WL","laptop",18759,16346,12818,10253,67,59,54,44,58176,224
"372",33,396,12,3.3577,4,"Laptop",15,30,9,3,70,5,3,70,5,"Metro_label","WL","laptop",18759,16346,12818,10253,67,59,54,44,58176,224
"373",34,397,1,8.5155,4,"Laptop",25,20,8,1,60,4,1,60,3,"Metro_label","WL","laptop",15606,19888,20243,21339,58,79,79,88,77076,304
"374",34,398,2,5.7037,4,"Laptop",20,40,8,2,70,4,2,70,5,"Bus_label","WL","laptop",15606,19888,20243,21339,58,79,79,88,77076,304
"375",34,399,3,6.933,4,"Laptop",20,30,8,2,60,5,2,60,5,"Metro_label","WL","laptop",15606,19888,20243,21339,58,79,79,88,77076,304
"376",34,400,4,4.9136,4,"Laptop",25,40,7,2,70,6,2,80,5,"Metro_label","WL","laptop",15606,19888,20243,21339,58,79,79,88,77076,304
"377",34,401,5,4.2833,4,"Laptop",20,40,7,3,60,6,3,60,4,"Metro_label","WL","laptop",15606,19888,20243,21339,58,79,79,88,77076,304
"378",34,402,6,8.6862,4,"Laptop",25,20,9,3,50,4,3,80,3,"Metro_label","WL","laptop",15606,19888,20243,21339,58,79,79,88,77076,304
"379",34,403,7,7.6195,4,"Laptop",15,20,9,2,50,6,2,80,4,"Metro_label","WL","laptop",15606,19888,20243,21339,58,79,79,88,77076,304
"380",34,404,8,6.4356,4,"Laptop",20,20,8,1,50,5,1,70,4,"Metro_label","WL","laptop",15606,19888,20243,21339,58,79,79,88,77076,304
"381",34,405,9,4.4175,4,"Laptop",25,40,7,1,60,5,1,80,4,"Metro_label","WL","laptop",15606,19888,20243,21339,58,79,79,88,77076,304
"382",34,406,10,7.7829,4,"Laptop",20,30,9,3,50,6,3,70,4,"Metro_label","WL","laptop",15606,19888,20243,21339,58,79,79,88,77076,304
"383",34,407,11,7.8497,4,"Laptop",15,30,7,1,70,4,1,60,3,"Bus_label","WL","laptop",15606,19888,20243,21339,58,79,79,88,77076,304
"384",34,408,12,6.933,4,"Laptop",15,30,9,3,70,5,3,70,5,"Metro_label","WL","laptop",15606,19888,20243,21339,58,79,79,88,77076,304
"385",35,409,1,7.2754,2,"Laptop",15,20,8,3,70,4,3,60,4,"RH_label","WL","laptop",13430,14582,22024,24802,76,71,106,113,74838,366
"386",35,410,2,11.6856,2,"Laptop",20,20,7,3,70,6,3,60,3,"Bus_label","WL","laptop",13430,14582,22024,24802,76,71,106,113,74838,366
"387",35,411,3,7.3031,2,"Laptop",15,40,9,1,60,4,1,70,5,"Metro_label","WL","laptop",13430,14582,22024,24802,76,71,106,113,74838,366
"388",35,412,4,7.3115,2,"Laptop",25,30,8,2,70,4,2,80,4,"Metro_label","WL","laptop",13430,14582,22024,24802,76,71,106,113,74838,366
"389",35,413,5,4.5658,2,"Laptop",25,20,9,2,60,4,2,70,4,"Metro_label","WL","laptop",13430,14582,22024,24802,76,71,106,113,74838,366
"390",35,414,6,5.6363,2,"Laptop",20,30,9,2,50,5,2,60,3,"Metro_label","WL","laptop",13430,14582,22024,24802,76,71,106,113,74838,366
"391",35,415,7,5.2024,2,"Laptop",25,40,8,3,60,6,3,70,3,"Metro_label","WL","laptop",13430,14582,22024,24802,76,71,106,113,74838,366
"392",35,416,8,4.3314,2,"Laptop",15,30,7,3,60,4,3,80,5,"Metro_label","WL","laptop",13430,14582,22024,24802,76,71,106,113,74838,366
"393",35,417,9,3.8664,2,"Laptop",20,40,8,1,50,5,1,80,3,"Metro_label","WL","laptop",13430,14582,22024,24802,76,71,106,113,74838,366
"394",35,418,10,4.417,2,"Laptop",15,40,7,1,50,6,1,70,5,"Metro_label","WL","laptop",13430,14582,22024,24802,76,71,106,113,74838,366
"395",35,419,11,6.2831,2,"Laptop",25,20,7,2,70,5,2,80,5,"RH_label","WL","laptop",13430,14582,22024,24802,76,71,106,113,74838,366
"396",35,420,12,7.2144,2,"Laptop",25,30,9,1,70,6,1,60,4,"Bus_label","WL","laptop",13430,14582,22024,24802,76,71,106,113,74838,366
"397",36,421,1,4.4051,1,"Laptop",20,20,7,2,70,4,2,70,4,"Metro_label","WL","laptop",16151,12774,12187,6399,58,54,40,27,47511,179
"398",36,422,2,3.6652,1,"Laptop",20,40,7,3,50,5,3,60,4,"Metro_label","WL","laptop",16151,12774,12187,6399,58,54,40,27,47511,179
"399",36,423,3,5.3166,1,"Laptop",25,30,8,3,60,6,3,70,3,"Metro_label","WL","laptop",16151,12774,12187,6399,58,54,40,27,47511,179
"400",36,424,4,4.17,1,"Laptop",25,30,7,1,50,4,1,70,4,"Metro_label","WL","laptop",16151,12774,12187,6399,58,54,40,27,47511,179
"401",36,425,5,4.78,1,"Laptop",25,30,9,2,60,5,2,60,5,"Metro_label","WL","laptop",16151,12774,12187,6399,58,54,40,27,47511,179
"402",36,426,6,3.8166,1,"Laptop",20,20,9,3,70,4,3,70,5,"RH_label","WL","laptop",16151,12774,12187,6399,58,54,40,27,47511,179
"403",36,427,7,4.52,1,"Laptop",15,20,9,1,70,5,1,80,3,"RH_label","WL","laptop",16151,12774,12187,6399,58,54,40,27,47511,179
"404",36,428,8,4.7639,1,"Laptop",15,40,8,3,70,5,3,80,4,"RH_label","WL","laptop",16151,12774,12187,6399,58,54,40,27,47511,179
"405",36,429,9,4.4298,1,"Laptop",20,20,9,1,60,6,1,80,5,"RH_label","WL","laptop",16151,12774,12187,6399,58,54,40,27,47511,179
"406",36,430,10,3.3531,1,"Laptop",15,20,8,1,60,6,1,60,5,"Metro_label","WL","laptop",16151,12774,12187,6399,58,54,40,27,47511,179
"407",36,431,11,4.9669,1,"Laptop",15,40,8,2,50,4,2,60,3,"RH_label","WL","laptop",16151,12774,12187,6399,58,54,40,27,47511,179
"408",36,432,12,3.492,1,"Laptop",15,30,7,2,50,6,2,80,3,"Metro_label","WL","laptop",16151,12774,12187,6399,58,54,40,27,47511,179
"409",37,433,1,4.7908,4,"Laptop",25,20,8,1,60,4,1,60,3,"Metro_label","WL","laptop",11307,12258,13549,14834,61,69,82,83,51948,295
"410",37,434,2,3.1996,4,"Laptop",20,40,8,2,70,4,2,70,5,"Metro_label","WL","laptop",11307,12258,13549,14834,61,69,82,83,51948,295
"411",37,435,3,3.951,4,"Laptop",20,30,8,2,60,5,2,60,5,"Metro_label","WL","laptop",11307,12258,13549,14834,61,69,82,83,51948,295
"412",37,436,4,4.418,4,"Laptop",25,40,7,2,70,6,2,80,5,"Metro_label","WL","laptop",11307,12258,13549,14834,61,69,82,83,51948,295
"413",37,437,5,3.4927,4,"Laptop",20,40,7,3,60,6,3,60,4,"Metro_label","WL","laptop",11307,12258,13549,14834,61,69,82,83,51948,295
"414",37,438,6,5.1133,4,"Laptop",25,20,9,3,50,4,3,80,3,"Metro_label","WL","laptop",11307,12258,13549,14834,61,69,82,83,51948,295
"415",37,439,7,4.1801,4,"Laptop",15,20,9,2,50,6,2,80,4,"Metro_label","WL","laptop",11307,12258,13549,14834,61,69,82,83,51948,295
"416",37,440,8,5.0527,4,"Laptop",20,20,8,1,50,5,1,70,4,"Metro_label","WL","laptop",11307,12258,13549,14834,61,69,82,83,51948,295
"417",37,441,9,4.8164,4,"Laptop",25,40,7,1,60,5,1,80,4,"Metro_label","WL","laptop",11307,12258,13549,14834,61,69,82,83,51948,295
"418",37,442,10,3.6181,4,"Laptop",20,30,9,3,50,6,3,70,4,"Metro_label","WL","laptop",11307,12258,13549,14834,61,69,82,83,51948,295
"419",37,443,11,6.4447,4,"Laptop",15,30,7,1,70,4,1,60,3,"RH_label","WL","laptop",11307,12258,13549,14834,61,69,82,83,51948,295
"420",37,444,12,3.9027,4,"Laptop",15,30,9,3,70,5,3,70,5,"RH_label","WL","laptop",11307,12258,13549,14834,61,69,82,83,51948,295
"421",38,445,1,7.7686,4,"Laptop",25,20,8,1,60,4,1,60,3,"Metro_label","WL","laptop",25244,23394,35278,16846,110,107,162,77,100762,456
"422",38,446,2,8.1831,4,"Laptop",20,40,8,2,70,4,2,70,5,"RH_label","WL","laptop",25244,23394,35278,16846,110,107,162,77,100762,456
"423",38,447,3,8.7009,4,"Laptop",20,30,8,2,60,5,2,60,5,"Metro_label","WL","laptop",25244,23394,35278,16846,110,107,162,77,100762,456
"424",38,448,4,8.4652,4,"Laptop",25,40,7,2,70,6,2,80,5,"Metro_label","WL","laptop",25244,23394,35278,16846,110,107,162,77,100762,456
"425",38,449,5,7.9838,4,"Laptop",20,40,7,3,60,6,3,60,4,"Metro_label","WL","laptop",25244,23394,35278,16846,110,107,162,77,100762,456
"426",38,450,6,7.2365,4,"Laptop",25,20,9,3,50,4,3,80,3,"Metro_label","WL","laptop",25244,23394,35278,16846,110,107,162,77,100762,456
"427",38,451,7,8.665,4,"Laptop",15,20,9,2,50,6,2,80,4,"RH_label","WL","laptop",25244,23394,35278,16846,110,107,162,77,100762,456
"428",38,452,8,7.1354,4,"Laptop",20,20,8,1,50,5,1,70,4,"Metro_label","WL","laptop",25244,23394,35278,16846,110,107,162,77,100762,456
"429",38,453,9,11.7633,4,"Laptop",25,40,7,1,60,5,1,80,4,"Metro_label","WL","laptop",25244,23394,35278,16846,110,107,162,77,100762,456
"430",38,454,10,8.6133,4,"Laptop",20,30,9,3,50,6,3,70,4,"Metro_label","WL","laptop",25244,23394,35278,16846,110,107,162,77,100762,456
"431",38,455,11,6.4484,4,"Laptop",15,30,7,1,70,4,1,60,3,"RH_label","WL","laptop",25244,23394,35278,16846,110,107,162,77,100762,456
"432",38,456,12,8.417,4,"Laptop",15,30,9,3,70,5,3,70,5,"RH_label","WL","laptop",25244,23394,35278,16846,110,107,162,77,100762,456
"433",39,457,1,8.1922,2,"Laptop",15,20,8,3,70,4,3,60,4,"Metro_label","WL","laptop",16831,14075,20711,32988,59,50,80,99,84605,288
"434",39,458,2,6.1378,2,"Laptop",20,20,7,3,70,6,3,60,3,"Metro_label","WL","laptop",16831,14075,20711,32988,59,50,80,99,84605,288
"435",39,459,3,3.4984,2,"Laptop",15,40,9,1,60,4,1,70,5,"Bus_label","WL","laptop",16831,14075,20711,32988,59,50,80,99,84605,288
"436",39,460,4,3.9497,2,"Laptop",25,30,8,2,70,4,2,80,4,"Metro_label","WL","laptop",16831,14075,20711,32988,59,50,80,99,84605,288
"437",39,461,5,10.183,2,"Laptop",25,20,9,2,60,4,2,70,4,"Bus_label","WL","laptop",16831,14075,20711,32988,59,50,80,99,84605,288
"438",39,462,6,4.6834,2,"Laptop",20,30,9,2,50,5,2,60,3,"Metro_label","WL","laptop",16831,14075,20711,32988,59,50,80,99,84605,288
"439",39,463,7,12.483,2,"Laptop",25,40,8,3,60,6,3,70,3,"Metro_label","WL","laptop",16831,14075,20711,32988,59,50,80,99,84605,288
"440",39,464,8,12.1665,2,"Laptop",15,30,7,3,60,4,3,80,5,"Bus_label","WL","laptop",16831,14075,20711,32988,59,50,80,99,84605,288
"441",39,465,9,4.4993,2,"Laptop",20,40,8,1,50,5,1,80,3,"Metro_label","WL","laptop",16831,14075,20711,32988,59,50,80,99,84605,288
"442",39,466,10,6.2165,2,"Laptop",15,40,7,1,50,6,1,70,5,"Metro_label","WL","laptop",16831,14075,20711,32988,59,50,80,99,84605,288
"443",39,467,11,7.701,2,"Laptop",25,20,7,2,70,5,2,80,5,"Bus_label","WL","laptop",16831,14075,20711,32988,59,50,80,99,84605,288
"444",39,468,12,4.15,2,"Laptop",25,30,9,1,70,6,1,60,4,"Metro_label","WL","laptop",16831,14075,20711,32988,59,50,80,99,84605,288
"445",40,469,1,7.3241,4,"Laptop",25,20,8,1,60,4,1,60,3,"Metro_label","WL","laptop",13626,13367,13028,23544,74,64,63,91,63565,292
"446",40,470,2,6.5685,4,"Laptop",20,40,8,2,70,4,2,70,5,"Bus_label","WL","laptop",13626,13367,13028,23544,74,64,63,91,63565,292
"447",40,471,3,5.6132,4,"Laptop",20,30,8,2,60,5,2,60,5,"RH_label","WL","laptop",13626,13367,13028,23544,74,64,63,91,63565,292
"448",40,472,4,9.2808,4,"Laptop",25,40,7,2,70,6,2,80,5,"Metro_label","WL","laptop",13626,13367,13028,23544,74,64,63,91,63565,292
"449",40,473,5,7.9084,4,"Laptop",20,40,7,3,60,6,3,60,4,"Metro_label","WL","laptop",13626,13367,13028,23544,74,64,63,91,63565,292
"450",40,474,6,7.4667,4,"Laptop",25,20,9,3,50,4,3,80,3,"Metro_label","WL","laptop",13626,13367,13028,23544,74,64,63,91,63565,292
"451",40,475,7,7.2801,4,"Laptop",15,20,9,2,50,6,2,80,4,"Metro_label","WL","laptop",13626,13367,13028,23544,74,64,63,91,63565,292
"452",40,476,8,6.3185,4,"Laptop",20,20,8,1,50,5,1,70,4,"Metro_label","WL","laptop",13626,13367,13028,23544,74,64,63,91,63565,292
"453",40,477,9,5.6329,4,"Laptop",25,40,7,1,60,5,1,80,4,"Metro_label","WL","laptop",13626,13367,13028,23544,74,64,63,91,63565,292
"454",40,478,10,4.5497,4,"Laptop",20,30,9,3,50,6,3,70,4,"Metro_label","WL","laptop",13626,13367,13028,23544,74,64,63,91,63565,292
"455",40,479,11,7.4295,4,"Laptop",15,30,7,1,70,4,1,60,3,"Bus_label","WL","laptop",13626,13367,13028,23544,74,64,63,91,63565,292
"456",40,480,12,5.8365,4,"Laptop",15,30,9,3,70,5,3,70,5,"Bus_label","WL","laptop",13626,13367,13028,23544,74,64,63,91,63565,292
